,created_at,favorite_count,followers_count,id,location,name,retweet_count,text
0,2019-03-26 22:53:53,0,45,1110676271133007873,,Daniel Vilches,172,RT @AbelFerrini: Macri pone fin al programa Remediar: otro golpe al acceso a la salud de millones de ciudadanos https://t.co/TpJAm4yzzx v√≠a‚Ä¶
1,2019-03-26 22:53:53,0,1333,1110676271112114178,,NORBERTO FRANCOVICH,1853,RT @edufeiok: ENCUESTA. Hoy todos los sondeos indican que hay segunda vuelta entre CFK y Macri. Ud a quien vota ???  YO NO TENGO NINGUNA DU‚Ä¶
2,2019-03-26 22:53:52,0,246,1110676268050276353,buenos aires,paula andrea ramon i,62,"RT @RiloDamian: ""Dicen que pasaron cosas, en realidad lo q pas√≥ es que asumi√≥ Macri en el 2015 y con eso empez√≥ una pol√≠tica de ajuste, de‚Ä¶"
3,2019-03-26 22:53:51,0,188,1110676264791224321,,diego caseres,561,"RT @UniCiudadanaAR: Hay en Argentina 2 millones de nuevos pobres.

Macri, no es por ac√° ‚úã
#HayOtroCamino üá¶üá∑ https://t.co/meomZAXjrq"
4,2019-03-26 22:53:51,0,53,1110676263944011776,"Maldonado, Uruguay",Nelson Fernandez,105,RT @protec2: Muertos cada 100 mil habitantes: Chile de Pi√±era 3.2%. Argentina de Macri 5.8%. Uruguay de FA 11.8%. Datos no opiniones.
5,2019-03-26 22:53:49,0,121,1110676257161789442,Planeta Tierra,Arielsazt,0,@perfilcom Macri nos ARRUINASTE https://t.co/YvwjKC4oEp
6,2019-03-26 22:53:49,0,1850,1110676255526043648,,Tami.-* ü¶Ñ,591,"RT @ZetaOrlando: El D√ìLAR rompe su m√°ximo hist√≥rico y cotiza a $ 43,60. Felicitaciones a los economistas de Macri üëè"
7,2019-03-26 22:53:48,0,79,1110676253697368064,,Del mar,364,"RT @PeriodistaPeron: En las √∫ltimas horas Macri inaugur√≥ un seminario antimafias, Carri√≥ pidi√≥ terminar con las escuchas ilegales y Campane‚Ä¶"
8,2019-03-26 22:53:48,0,63,1110676250115354624,argentina,cristian palacio,15,"RT @fvallejoss: Macri arrastr√≥ a la Argentina al triste r√©cord de convertirse en el pa√≠s m√°s endeudado de la regi√≥n, torn√°ndose una de las‚Ä¶"
9,2019-03-26 22:53:47,0,309,1110676247636574208,caba,Tanfoglio 1911 ‚ùÑ,0,@CableFibertel no entiendo como siguen estando abiertos ? Perdieron el 30% por servicio malo y un 29% este √∫ltimo a‚Ä¶ https://t.co/wDHmB8Zwb3
10,2019-03-26 22:53:47,0,57,1110676246919368704,,Miki GF,27,"RT @GFrondizi: Hola amigos
Lo q el perionismo no comunica
Se abri√≥ de nuevo el frigor√≠fico Swift con 100 empleados nuevos
Se hab√≠a cerrado‚Ä¶"
11,2019-03-26 22:53:45,0,4738,1110676241223503872,Banfield,#Carito#üåπüéàüíüüå∏#,49,"RT @Clau_claudius8: #NoSoyTroll
#NoAceptoCriticas
Cristina presa
Florencia presa
Maximo preso
Ramos parrilla destituido
Oyarbide preso
La m‚Ä¶"
12,2019-03-26 22:53:44,0,713,1110676236462948352,"Buenos Aires, Argentina",A.laura,17,RT @_Romulus__: macri garcando al campo en lugares https://t.co/wYbGGB6Bhz
13,2019-03-26 22:53:43,0,128,1110676230779662336,,M√†rtin,591,"RT @ZetaOrlando: El D√ìLAR rompe su m√°ximo hist√≥rico y cotiza a $ 43,60. Felicitaciones a los economistas de Macri üëè"
14,2019-03-26 22:53:43,0,6477,1110676230297346049,Unidad Ciudadana,"Yo, la peor del mundo",1856,RT @alferdez: Eso es la Justicia en la Argentina de MACRI. Hay un fiscal que se niega a declarar. Los medios en silencio y la Justicia lo e‚Ä¶
15,2019-03-26 22:53:42,0,1922,1110676225629007873,,luna,4403,"RT @nanothompson: 1. No
2. Votar
3. A
4. Macri https://t.co/NFC6a3Pv31"
16,2019-03-26 22:53:40,0,349,1110676220033814528,Rio Gallegos,Patricia Noe Alaniz,765,RT @aloMecha: MACRI INAUGURO 8 PARQUES EOLICOS Y NI ABRIO LA BOCA...CRISTINA COMPRABA UN VENTILADOR Y TE HABLABA EN CADENA
17,2019-03-26 22:53:40,0,76,1110676219593453569,,MagiK horacio2302,561,"RT @UniCiudadanaAR: Hay en Argentina 2 millones de nuevos pobres.

Macri, no es por ac√° ‚úã
#HayOtroCamino üá¶üá∑ https://t.co/meomZAXjrq"
18,2019-03-26 22:53:40,0,57,1110676216430936064,"Buenos Aires, Argentina",Lirio de Mar,24,"RT @Clau_claudius8: #NoticiasFalsasNO
Querido @edufeiok te desafio a que escribas nombre y apellido de un solo troll pagado x el gobierno
¬ø‚Ä¶"
19,2019-03-26 22:53:39,0,31688,1110676213234876416,,princess complex,0,@AnaVaretto @Leitx__ @linabeatle jajajaja lo re mato que me importa el gordo pajero ese y el c√≥digo penal el cual n‚Ä¶ https://t.co/Tsnr9Me6Ds
20,2019-03-26 22:53:38,0,839,1110676209283813376,,SLEEPLESS IN BAIRES,27,"RT @GFrondizi: Hola amigos
Lo q el perionismo no comunica
Se abri√≥ de nuevo el frigor√≠fico Swift con 100 empleados nuevos
Se hab√≠a cerrado‚Ä¶"
21,2019-03-26 22:53:38,0,188,1110676208713428992,,diego caseres,15,"RT @fvallejoss: Macri arrastr√≥ a la Argentina al triste r√©cord de convertirse en el pa√≠s m√°s endeudado de la regi√≥n, torn√°ndose una de las‚Ä¶"
22,2019-03-26 22:53:38,0,175,1110676208528904194,"Ciudad del Libertador General San Mart√≠n, Argentina",Susana Moledo,55,"RT @VivianaaFerrari: El PerioNismo, junto a su jefe, el Peronismo, no saben c√≥mo hacer para instalar un candidato. Todos chorros, todos del‚Ä¶"
23,2019-03-26 22:53:35,0,452,1110676196830969858,La Paternal,Tecnofan,4403,"RT @nanothompson: 1. No
2. Votar
3. A
4. Macri https://t.co/NFC6a3Pv31"
24,2019-03-26 22:53:34,0,99,1110676194704396288,,CharlyS,189,"RT @pirunguito: Hasta octubre habr√° operetas, encuestas en contra para Cambiemos, que Macri pierde, q Vidal pierde... y todo as√≠. Linda sor‚Ä¶"
25,2019-03-26 22:53:34,0,489,1110676192808656896,,Guillermo Oscar Avit,1853,RT @edufeiok: ENCUESTA. Hoy todos los sondeos indican que hay segunda vuelta entre CFK y Macri. Ud a quien vota ???  YO NO TENGO NINGUNA DU‚Ä¶
26,2019-03-26 22:53:33,0,365,1110676189310525442,"San Luis, Argentina",guada,5,"RT @ramerovalen: En serio existe gente q piensa q la crisis actual es culpa de macri???? Chicos esta crisis viene hace a√±os, solo q la kris‚Ä¶"
27,2019-03-26 22:53:33,0,837,1110676189071491072,,Susana Marconi,561,"RT @UniCiudadanaAR: Hay en Argentina 2 millones de nuevos pobres.

Macri, no es por ac√° ‚úã
#HayOtroCamino üá¶üá∑ https://t.co/meomZAXjrq"
28,2019-03-26 22:53:33,0,905,1110676188375203840,"Madrid, Comunidad de Madrid",Julian Gomez,720,RT @ralanizok: Se instala el prejuicio que la grieta es culpa de Macri y Cristina. Discrepo: la grieta es culpa de los K en el poder y en l‚Ä¶
29,2019-03-26 22:53:32,0,76,1110676186060021761,"Rosario, Argentina",Alejandro del Gerbo,12,RT @OficialBoletin: Franco Macri muri√≥ viendo fracasar a su hijo una vez m√°s.
30,2019-03-26 22:53:30,0,895,1110676176538865665,CABA,Susana Arapi,49,"RT @Clau_claudius8: #NoSoyTroll
#NoAceptoCriticas
Cristina presa
Florencia presa
Maximo preso
Ramos parrilla destituido
Oyarbide preso
La m‚Ä¶"
31,2019-03-26 22:53:27,0,709,1110676162357985281,,Marcelo Diaz üî¥üá¶üá∑,268,"RT @fernandosolanas: 2019. Argentina pagar√° m√°s de un mill√≥n de pesos por minuto s√≥lo en intereses de deuda.

Macri gener√≥ un fest√≠n con la‚Ä¶"
32,2019-03-26 22:53:24,0,118,1110676149976424449,,Juanjo,287,RT @AdrianLakerman: Macri inaugura el Congreso de la Lengua y me acord√© de esta maravilla de Mart√≠n Kohan. https://t.co/VEFReSXHCO
33,2019-03-26 22:53:22,0,4636,1110676143005417472,Cordoba,Noticias  Punilla,0,La cotizaci√≥n del d√≥lar trep√≥ a un valor hist√≥rico en la gesti√≥n Macri https://t.co/yGAEW9C7TY
34,2019-03-26 22:53:21,0,229,1110676140006481920,,Ines Lerra,1853,RT @edufeiok: ENCUESTA. Hoy todos los sondeos indican que hay segunda vuelta entre CFK y Macri. Ud a quien vota ???  YO NO TENGO NINGUNA DU‚Ä¶
35,2019-03-26 22:53:17,0,1174,1110676123443253248,,Juan Manuel,411,RT @javiernavia: Exacto. La grieta nunca fue Macri v. Cristina. Lanata ya hablaba de grieta cuando a Macri nadie le ve√≠a ninguna chance. La‚Ä¶
36,2019-03-26 22:53:16,0,99,1110676119483756555,"Gonz√°lez Cat√°n, Argentina",Rodrii Niicolasüê•üá¶üá∑üç´,3,RT @_joanpool: La Selecci√≥n tiene hambre de resultados y este hijo de puta es Macri https://t.co/7hJzC7pSsb
37,2019-03-26 22:53:14,0,230,1110676110856073216,Buenos Aires,Oscar Zarate,1856,RT @alferdez: Eso es la Justicia en la Argentina de MACRI. Hay un fiscal que se niega a declarar. Los medios en silencio y la Justicia lo e‚Ä¶
38,2019-03-26 22:53:13,0,190,1110676106049478656,"Lomas de Zamora, Argentina",Andra,1856,RT @alferdez: Eso es la Justicia en la Argentina de MACRI. Hay un fiscal que se niega a declarar. Los medios en silencio y la Justicia lo e‚Ä¶
39,2019-03-26 22:53:13,0,114,1110676105701347329,,Jaquelin,27,"RT @GFrondizi: Hola amigos
Lo q el perionismo no comunica
Se abri√≥ de nuevo el frigor√≠fico Swift con 100 empleados nuevos
Se hab√≠a cerrado‚Ä¶"
40,2019-03-26 22:53:11,0,1123,1110676097857916928,"Lan√∫s Oeste, Argentina",Base Peronista,9,"RT @eldestapeweb: El clima pol√≠tico en la calle: Jorge Rial grab√≥ a un taxista que destroz√≥ al gobierno de Macri

https://t.co/wb1GxFa9ID"
41,2019-03-26 22:53:11,0,37,1110676094770925568,"R√≠o Gallegos, Argentina",cristian ariel,561,"RT @UniCiudadanaAR: Hay en Argentina 2 millones de nuevos pobres.

Macri, no es por ac√° ‚úã
#HayOtroCamino üá¶üá∑ https://t.co/meomZAXjrq"
42,2019-03-26 22:53:09,0,473,1110676088299098112,C√≥rdoba capital,Juani Massano,0,Y si ves todo eso estar√≠a para dejar de lustrarle el pito a Macri no? O por lo menos por la cuenta oficial https://t.co/L2Bp4wCVaJ
43,2019-03-26 22:53:09,0,1184,1110676087481225216,,Lilina,136,RT @marioraulnegri: El Gobierno provincial me mand√≥ a decir que digo tonteras por denunciar que #SchiarettiEsCristina. PERO el ex candidato‚Ä¶
44,2019-03-26 22:53:08,0,56,1110676086134837250,,Kuantyko,9,"RT @eldestapeweb: El clima pol√≠tico en la calle: Jorge Rial grab√≥ a un taxista que destroz√≥ al gobierno de Macri

https://t.co/wb1GxFa9ID"
45,2019-03-26 22:53:08,0,18,1110676086113882112,argentina,fredo,746,"RT @jlespert: La pobreza en 30%, similar a los √∫ltimos 30 a√±os, demuestra que no importa quien lo haga, si Macri, la Cristi o mongo, sino l‚Ä¶"
46,2019-03-26 22:53:07,0,2,1110676080208302081,"Trelew, Argentina",Monica,96,"RT @C5N: Bullrich y Macri, el odio antes del amor

#ArchivosQueRefrescan

Informa: @lautaromaislin https://t.co/aYcXerqry1"
47,2019-03-26 22:53:07,0,770,1110676078878703616,,Emiliano Papini,0,"Si salteamos los 4 a√±os de gobierno de Macri, la gesti√≥n fue b√°rbara. https://t.co/f4NInLLneN"
48,2019-03-26 22:53:07,0,2126,1110676078824173569,"Buenos Aires, Argentina",Rafa Hambra,0,Met√°fora del gobierno de Macri. https://t.co/1auUaPqmQr
49,2019-03-26 22:53:06,0,126,1110676077624598530,,antiordenestablecido,4,"RT @HObservatorio: @robdnavarro S√≠,estos piratas anglo yankis y europeos,han saqueado y siguen saqueando a nuestra PATRIA,es hora que el pu‚Ä¶"
50,2019-03-26 22:53:05,0,150,1110676072511823872,,Alicia Cappo Fari√±a,1853,RT @edufeiok: ENCUESTA. Hoy todos los sondeos indican que hay segunda vuelta entre CFK y Macri. Ud a quien vota ???  YO NO TENGO NINGUNA DU‚Ä¶
51,2019-03-26 22:53:03,0,63,1110676063288549376,,Diego Martinez,287,RT @AdrianLakerman: Macri inaugura el Congreso de la Lengua y me acord√© de esta maravilla de Mart√≠n Kohan. https://t.co/VEFReSXHCO
52,2019-03-26 22:53:03,0,8679,1110676062294413314,Maipu Mendoza Argentina,Nacional y popular ‚úåÔ∏èüá¶üá∑,3,"RT @soyKque: #DesafueroAStornelliYa Vamos que se est√°n yendo estos delincuentes, ratas de Macri, la cloaca de la justicia .... https://t.co‚Ä¶"
53,2019-03-26 22:53:01,0,72,1110676055399063552,,Miguel Angel,96,"RT @C5N: Bullrich y Macri, el odio antes del amor

#ArchivosQueRefrescan

Informa: @lautaromaislin https://t.co/aYcXerqry1"
54,2019-03-26 22:53:01,0,17,1110676053805228032,MONTE,Jorge Tarelli,34,"RT @mirthalegrand: Ayer, particip√© de la cena de honor que organizaron el presidente Mauricio Macri y su esposa Juliana Awada para homenaje‚Ä¶"
55,2019-03-26 22:53:00,0,316,1110676051506671617,"Trelew, Argentina",‚òÜGast√≥n Barrionuevo‚òÜ,1856,RT @alferdez: Eso es la Justicia en la Argentina de MACRI. Hay un fiscal que se niega a declarar. Los medios en silencio y la Justicia lo e‚Ä¶
56,2019-03-26 22:52:59,0,377,1110676045861187585,Dean funes ( Cba ),Maria Gabriella ‚ô°,0,Tremendo el vestido de Juliana awada y el traje de Macri hoy pero sigo  sin ver la pobreza en 0%
57,2019-03-26 22:52:58,0,655,1110676040953856000,Buenos Aires C.A. / Argentina,Walter Hugo Garcia,0,"‚Ä¶ y no sabes lo que era cuando llego Macri en 2007.
Plazas tomadas, calles rotas sin iluminar, veredas intransitabl‚Ä¶ https://t.co/QLBdtv93QB"
58,2019-03-26 22:52:57,0,587,1110676038311395334,,malena ocampo,1856,RT @alferdez: Eso es la Justicia en la Argentina de MACRI. Hay un fiscal que se niega a declarar. Los medios en silencio y la Justicia lo e‚Ä¶
59,2019-03-26 22:52:55,0,74,1110676030312927238,Gasc√≥n 112 - CABA - Argentina,Mate Amargo,1856,RT @alferdez: Eso es la Justicia en la Argentina de MACRI. Hay un fiscal que se niega a declarar. Los medios en silencio y la Justicia lo e‚Ä¶
60,2019-03-26 22:52:55,0,455,1110676029633413120,,Marta Aparicio,309,"RT @Frondizista: Otro fan de Lavagna, miren la gente que lo apoya, y tambi√©n observen su desprecio a Macri. Esto tambi√©n deber√≠a definir tu‚Ä¶"
61,2019-03-26 22:52:53,0,755,1110676021668397056,Atendimento@lunagas.com.br,LunaGas.com.br,0,@Mauric_macri https://t.co/8Lx3yQoaE3
62,2019-03-26 22:52:53,0,220,1110676020061970432,Remedios de Escalada,Santa Apolonia,186,"RT @capcentral: Mauricio Macri dio un mensaje electoral ante los reyes de Espa√±a: ""Los argentinos vamos a confirmar que no queremos volver‚Ä¶"
63,2019-03-26 22:52:52,0,1440,1110676018921115650,"Santa Fe, Argentina",Lucho Villarroel,4403,"RT @nanothompson: 1. No
2. Votar
3. A
4. Macri https://t.co/NFC6a3Pv31"
64,2019-03-26 22:52:52,0,155,1110676018774315008,,ANA MARIA DALBON,196,RT @nataliasoledad: La oposici√≥n cree q Macri puede mandar a chorear una computadora de un tipo q est√° en su casa por perdedor y q sali√≥ 3e‚Ä¶
65,2019-03-26 22:52:51,0,180,1110676013682491393,,Tomi üè≥‚Äçüåà,322,"RT @_AdamSmith07: ---[Comercio %PBI]---

üá¶üá∑ 19,7%

üá®üá¥ 26,7%

üá∫üáæ 29,1%

üáµüá™ 40,1%

üá®üá± 48,2%

¬øMacri neoliberal?"
66,2019-03-26 22:52:51,0,2182,1110676011748872192,Patagonia Argentina,Ethel,5,"RT @soledad_urruti: Atras de Stornelli est√° macri, bullrich, carrio, santoro, todos estos  personajes nefastos tienen, los d√≠as contados #D‚Ä¶"
67,2019-03-26 22:52:51,0,29,1110676011006480386,,Guillermo Aluz,1853,RT @edufeiok: ENCUESTA. Hoy todos los sondeos indican que hay segunda vuelta entre CFK y Macri. Ud a quien vota ???  YO NO TENGO NINGUNA DU‚Ä¶
68,2019-03-26 22:52:50,0,57,1110676008959651841,"Buenos Aires, Argentina",Lirio de Mar,17,"RT @Benandante1: Vuelvo a votar a Macri por oposici√≥n al peronismo.
Pero debo decir que #Cambiemos abandono a su electorado a su suerte, la‚Ä¶"
69,2019-03-26 22:52:49,0,1598,1110676006040408065,V. Crespo,üíö Mujer Punga üíö,287,RT @AdrianLakerman: Macri inaugura el Congreso de la Lengua y me acord√© de esta maravilla de Mart√≠n Kohan. https://t.co/VEFReSXHCO
70,2019-03-26 22:52:48,0,115946,1110676002018156544,,Unidad Ciudadana üá¶üá∑,15,"RT @fvallejoss: Macri arrastr√≥ a la Argentina al triste r√©cord de convertirse en el pa√≠s m√°s endeudado de la regi√≥n, torn√°ndose una de las‚Ä¶"
71,2019-03-26 22:52:46,0,246,1110675991138058240,buenos aires,paula andrea ramon i,376,"RT @Lupo55: Para fines del a√±o 2019 cuando Macri entregue el gobierno , habr√° agregado 4,4 millones de pobres a los existentes en 2015. En‚Ä¶"
72,2019-03-26 22:52:45,0,1003,1110675986058805248,Ciudad Aut√≥noma de Buenos Aire,Emi,5,"RT @InfoNodal: #Argentina | Macri y el rey de Espa√±a se reunieron para hablar sobre #Mercosur, #Venezuela y #Prosur
https://t.co/tTgiLS3pFk"
73,2019-03-26 22:52:44,0,670,1110675981927415808,Argentina,Chino COR,1856,RT @alferdez: Eso es la Justicia en la Argentina de MACRI. Hay un fiscal que se niega a declarar. Los medios en silencio y la Justicia lo e‚Ä¶
74,2019-03-26 22:52:43,0,8276,1110675978265731072,,Jorge Alves,172,RT @AbelFerrini: Macri pone fin al programa Remediar: otro golpe al acceso a la salud de millones de ciudadanos https://t.co/TpJAm4yzzx v√≠a‚Ä¶
75,2019-03-26 22:52:43,0,565,1110675977795964929,Ciudad de Buenos Aires,Horacio J. Aizpeolea,35,"RT @sinurrieta: Hace poco m√°s de un mes, el ""influenciador"" Wally Diamante le regal√≥ a Macri dos jeans Ay Not Dead. 
Mucho no influy√≥. http‚Ä¶"
76,2019-03-26 22:52:42,0,5600,1110675974184677377,"Buenos Aires, Argentina",Patrick Bateman,37,RT @RickS_N7: Argentina vot√≥ en contra de Israel. La traici√≥n de Macri al pueblo jud√≠o es a√∫n peor que la traici√≥n al resto del pa√≠s. https‚Ä¶
77,2019-03-26 22:52:40,0,156,1110675967289233410,,Sandra,1853,RT @edufeiok: ENCUESTA. Hoy todos los sondeos indican que hay segunda vuelta entre CFK y Macri. Ud a quien vota ???  YO NO TENGO NINGUNA DU‚Ä¶
78,2019-03-26 22:52:40,0,974684,1110675965347278849,"Buenos Aires, Argentina",An√≠bal Fern√°ndez,15,"RT @fvallejoss: Macri arrastr√≥ a la Argentina al triste r√©cord de convertirse en el pa√≠s m√°s endeudado de la regi√≥n, torn√°ndose una de las‚Ä¶"
79,2019-03-26 22:52:39,0,1926,1110675963443064834,"Boedo, Buenos Aires, Argentina",Ruso,7,RT @gringodeboedo: Con Cristina / con Macri https://t.co/uNCfV3QIUS
80,2019-03-26 22:52:39,0,170,1110675960767135746,√ëu√±ork!!,Felipe B.,173,"RT @rfantuzzih: AUMENTO POBREZA EN ARGENTINA A 31%:
Son cifras q  jamas esperaba MACRI al aplicar su pol√≠tica econ√≥mica de apertura..
Lo q‚Ä¶"
81,2019-03-26 22:52:38,0,262,1110675958925803520,,Mario Gonz,41,RT @VivianaaFerrari: @andahazi @radiomitre Toda la vida se guiaron por encuestas y nunca acertaron. Qu√© pena que vivan en una burbuja! Vivo‚Ä¶
82,2019-03-26 22:52:37,0,6249,1110675953343176704,Buenos Aires,Gabriel Ziblat,5,"RT @perfilcom: #Pol√≠tica | En marzo volvi√≥ a desgastarse la consideraci√≥n presidencial de @mauriciomacri. Sin embargo, no parece impactar e‚Ä¶"
83,2019-03-26 22:52:36,0,423,1110675951728451585,"Misiones, Argentina",Nicol√°s Nuca,15,"RT @ZarCasmo2: El Ministro Dietrich lleg√≥ a la cena de gala con los Reyes de Espa√±a en bicicleta.
El Ministro De Vido llegaba a comer unos‚Ä¶"
